,Metric,Training,Test
0,Accuracy,0.9907271288024426,0.9651741293532339
1,F1 Score,0.9916801948051949,0.9689140088817116
2,Recall,0.9928890694839496,0.97165991902834
